,0,1,2,3,4,5,6,7,8,9,10,11,12,13,14,15,16,17,18,19,20,21,22,23,24
0,0.0,0.34051899999999996,0.24028600000000008,0.17088699999999996,0.105632,0.07976199999999999,0.06099700000000001,0.9433190000000002,0.047553,0.000892,0.000221,7.400000000000001e-05,0.0,0.8636399999999997,0.08971599999999996,0.03403,0.001613,0.0,0.0,0.8520070000000001,0.09868900000000001,0.03761600000000002,0.001024,0.0,0.0
1,1.0,0.3434729999999999,0.24195699999999995,0.169588,0.10450000000000005,0.07858200000000001,0.05995000000000001,0.9169419999999999,0.06780700000000002,0.0036769999999999997,0.0020559999999999997,0.0010400000000000001,0.000756,0.8489080000000001,0.10331,0.03407500000000001,0.002958,0.0,0.0,0.8533729999999998,0.097336,0.03747300000000001,0.001043,0.0,0.0
2,2.0,0.34664100000000014,0.2421070000000001,0.16893999999999995,0.103382,0.078025,0.05894900000000001,0.9248890000000004,0.06380299999999997,0.002532,0.0008169999999999999,0.000134,0.0,0.8373679999999999,0.11665199999999999,0.031876,0.003646999999999999,0.0,0.0,0.8613639999999997,0.09173099999999998,0.035572,0.00032100000000000005,0.0,0.0
3,3.0,0.34989899999999996,0.24328799999999998,0.16867700000000002,0.10215299999999994,0.07651999999999998,0.05747800000000001,0.9230639999999996,0.06608799999999998,0.0026130000000000003,0.00040799999999999994,0.0,0.0,0.8220529999999998,0.12778900000000004,0.03470100000000001,0.005266000000000001,0.0,0.0,0.868925,0.08437699999999997,0.035287999999999986,0.000106,0.0,0.0
4,4.0,0.35306600000000005,0.243674,0.16847,0.10200000000000001,0.07500400000000002,0.05579100000000001,0.9184120000000001,0.06965800000000001,0.003650999999999999,0.00043499999999999995,6.5e-05,0.0,0.8051130000000005,0.14285200000000006,0.035027,0.007175999999999998,0.0,0.0,0.8747890000000005,0.081396,0.03241300000000001,0.0,0.0,0.0
5,5.0,0.35828000000000004,0.24489600000000006,0.167892,0.10072100000000002,0.07301900000000003,0.05312100000000001,0.917514,0.071016,0.003469,0.000206,0.0,0.0,0.792752,0.152105,0.036124,0.009419999999999998,0.0,0.0,0.882106,0.07585800000000002,0.030279000000000007,0.0,0.0,0.0
6,6.0,0.362729,0.246731,0.16738799999999995,0.09922600000000001,0.070815,0.051014,0.9137760000000003,0.07345499999999999,0.0045460000000000006,0.0004839999999999999,0.0,0.0,0.7812019999999997,0.16044599999999998,0.037592999999999994,0.011441999999999999,0.0,0.0,0.8880819999999998,0.07260100000000001,0.027434999999999998,0.0,0.0,0.0
7,7.0,0.367347,0.247508,0.16652900000000004,0.097889,0.06923700000000005,0.04937000000000002,0.9154169999999999,0.071443,0.004712000000000001,0.0006429999999999999,0.0,0.0,0.7736739999999999,0.16852599999999995,0.03679000000000001,0.011820000000000004,0.0,0.0,0.8890210000000003,0.07189900000000002,0.027036,0.0,0.0,0.0
8,8.0,0.37374899999999994,0.24881100000000006,0.16555200000000006,0.09562699999999999,0.06714699999999998,0.046932,0.910997,0.07480199999999998,0.005845999999999999,0.000608,0.0,0.0,0.7619710000000001,0.17967200000000003,0.03644499999999999,0.012913999999999998,8.5e-05,0.0,0.8898760000000003,0.070749,0.027133000000000008,0.0,0.0,0.0
9,9.0,0.3747329999999999,0.249239,0.16552299999999998,0.09603399999999995,0.06659699999999998,0.04569399999999999,0.9043260000000004,0.08203099999999998,0.0056819999999999996,0.000344,0.0,0.0,0.7521820000000001,0.18725399999999992,0.03723999999999999,0.014633999999999998,0.0,0.0,0.8991019999999996,0.06678099999999998,0.021723,0.0,0.0,0.0
10,10.0,0.3809710000000001,0.24984600000000007,0.164301,0.09443699999999998,0.06448899999999999,0.043712999999999995,0.8999649999999995,0.084567,0.006993000000000002,0.000896,0.0,0.0,0.742691,0.19949899999999995,0.03503500000000001,0.01424,7.400000000000001e-05,0.0,0.9016039999999998,0.065916,0.019908,0.0,0.0,0.0
11,11.0,0.38815399999999994,0.2514589999999998,0.16290899999999994,0.09221,0.06197000000000001,0.04100400000000001,0.8996880000000002,0.08508299999999998,0.006681999999999998,0.000939,0.0,0.0,0.7293290000000002,0.21031299999999994,0.035703000000000006,0.015205,0.001243,0.0,0.9021649999999998,0.06456000000000003,0.020506000000000003,0.0,0.0,0.0
12,12.0,0.39411900000000016,0.253343,0.16238100000000003,0.09032100000000004,0.059289999999999975,0.03818500000000002,0.896055,0.08876499999999997,0.006737999999999999,0.000887,0.0,0.0,0.7180400000000003,0.21807599999999994,0.036958000000000005,0.016413000000000004,0.0025680000000000004,0.0,0.907009,0.061413999999999976,0.018693,0.0,0.0,0.0
13,13.0,0.4016050000000003,0.25533999999999996,0.16202200000000005,0.08810500000000003,0.05608200000000001,0.034423,0.8912259999999997,0.09251100000000001,0.007841999999999998,0.0008979999999999999,0.0,0.0,0.711599,0.2232599999999999,0.03624000000000001,0.016979,0.004102000000000001,0.0,0.9119590000000002,0.058870999999999986,0.016018999999999995,0.0,0.0,0.0
14,14.0,0.40982300000000016,0.2576639999999999,0.16052700000000006,0.08520799999999999,0.05288100000000001,0.031413,0.8889219999999999,0.09383899999999999,0.008431,0.001288,0.0,0.0,0.7027939999999999,0.22902300000000003,0.037266,0.01842199999999999,0.004863999999999999,0.0,0.9161490000000003,0.05630299999999997,0.014187000000000005,0.0,0.0,0.0
15,15.0,0.4157829999999999,0.259897,0.15955599999999995,0.083153,0.05037700000000001,0.028715,0.8788740000000002,0.101828,0.009937000000000003,0.0020030000000000004,0.0,0.0,0.688733,0.23550700000000005,0.04122499999999998,0.02065699999999999,0.006510999999999996,0.0,0.9150460000000002,0.057249999999999995,0.014322999999999995,0.0,0.0,0.0
16,16.0,0.42299500000000007,0.26118599999999986,0.15890200000000004,0.08141899999999996,0.04735699999999997,0.025536999999999997,0.8719770000000002,0.10912000000000001,0.009797,0.0018330000000000002,0.0,0.0,0.6785930000000002,0.24050999999999995,0.043508,0.022043,0.008002999999999996,0.00020800000000000001,0.9188179999999998,0.05537500000000001,0.012258999999999997,0.0,0.0,0.0
17,17.0,0.43224199999999974,0.2636949999999999,0.15778499999999998,0.07827500000000001,0.04368099999999999,0.021642,0.8685800000000004,0.11240699999999997,0.009757000000000004,0.0020030000000000004,0.0,0.0,0.671271,0.24431099999999994,0.046976,0.021307999999999994,0.008689000000000004,0.000393,0.9215899999999995,0.05294400000000001,0.011708000000000001,0.0,0.0,0.0
18,18.0,0.4420369999999999,0.2660849999999998,0.156099,0.07529700000000002,0.040155000000000024,0.01758400000000001,0.8659180000000001,0.11460700000000003,0.009928,0.00231,0.0,0.0,0.659051,0.24774900000000002,0.052443,0.022390000000000004,0.010036,0.001454,0.9247649999999998,0.05011399999999999,0.011082000000000003,0.0,0.0,0.0
19,19.0,0.4494149999999999,0.2684580000000001,0.15466199999999997,0.07211400000000001,0.03697199999999998,0.015563999999999993,0.8536760000000004,0.12411399999999997,0.012078000000000002,0.00307,0.0,0.0,0.6455909999999999,0.253308,0.059844999999999995,0.021933,0.010433,0.0022820000000000006,0.9257710000000001,0.050823,0.009347,0.0,0.0,0.0
20,20.0,0.4599500000000002,0.270557,0.153533,0.068784,0.032186000000000006,0.012091000000000005,0.8509300000000001,0.12681199999999998,0.012445999999999999,0.0027409999999999995,0.0,0.0,0.6357219999999999,0.25507899999999994,0.06620500000000001,0.022666,0.011117999999999994,0.002724,0.9259299999999999,0.05143499999999999,0.008284000000000001,0.0,0.0,0.0
21,21.0,0.46796699999999997,0.27236600000000005,0.15142600000000003,0.06542299999999995,0.028938000000000002,0.010898999999999999,0.8436539999999998,0.132512,0.013262000000000003,0.0035929999999999994,0.0,0.0,0.6254120000000003,0.2577010000000001,0.07301900000000001,0.022381,0.011441000000000002,0.003753,0.931652,0.04706000000000001,0.006744,0.0,0.0,0.0
22,22.0,0.4731700000000001,0.273424,0.149113,0.06330199999999996,0.026263,0.011706000000000001,0.833994,0.13979199999999997,0.014459000000000005,0.004878999999999998,0.0,0.0,0.6129589999999998,0.26164800000000005,0.079566,0.023248000000000005,0.012330999999999998,0.0041849999999999995,0.9356480000000001,0.04484600000000001,0.004836000000000001,0.0,0.0,0.0
23,23.0,0.48290099999999986,0.2750130000000001,0.146314,0.059411,0.022305999999999986,0.010947,0.8305659999999997,0.14396399999999995,0.014006999999999999,0.004643999999999999,0.0,0.0,0.6084300000000002,0.26475699999999985,0.08300300000000004,0.021690000000000004,0.011405999999999998,0.004711,0.93868,0.042169,0.004196,0.0,0.0,0.0
24,24.0,0.49703900000000023,0.2779439999999999,0.142704,0.05336100000000003,0.016456999999999996,0.009272,0.8255669999999995,0.15025300000000003,0.013224999999999997,0.004194,0.0,0.0,0.597874,0.267786,0.08790500000000001,0.024062999999999998,0.011596,0.004969,0.9419360000000002,0.038822,0.004236,0.0,0.0,0.0
25,25.0,0.5028139999999998,0.2785250000000001,0.140544,0.04994299999999999,0.015461999999999998,0.009432999999999999,0.8191689999999997,0.155727,0.013805000000000001,0.004592,0.0,0.0,0.5871509999999999,0.2681450000000001,0.09197400000000004,0.029242999999999984,0.012035000000000004,0.005813,0.943378,0.03824599999999999,0.0031859999999999996,0.0,0.0,0.0
26,26.0,0.5101439999999999,0.27905899999999995,0.13758199999999998,0.045585999999999995,0.014889999999999999,0.009400000000000002,0.8095799999999997,0.16299999999999992,0.015524,0.005311,0.0,0.0,0.574398,0.26904399999999995,0.09659700000000004,0.034872999999999994,0.013043000000000004,0.006579999999999999,0.947021,0.036576000000000004,0.00113,0.0,0.0,0.0
27,27.0,0.5221819999999999,0.2801770000000001,0.13256400000000004,0.039502999999999996,0.013646000000000002,0.008470000000000004,0.7993439999999997,0.16887199999999997,0.018635,0.006659000000000002,0.0,0.0,0.5537819999999999,0.2693709999999999,0.103736,0.044294999999999994,0.015628000000000003,0.008021000000000002,0.9478909999999999,0.034386999999999994,0.002073,0.0,0.0,0.0
28,28.0,0.530484,0.2796300000000001,0.1277,0.035627000000000006,0.014349000000000002,0.008668999999999998,0.794606,0.1728579999999999,0.019076999999999986,0.007020999999999996,0.0,0.0,0.5507279999999999,0.2694700000000001,0.10549300000000005,0.045959,0.015395,0.007808000000000001,0.950023,0.032905000000000004,0.0011680000000000002,0.0,0.0,0.0
29,29.0,0.5431650000000002,0.2797429999999999,0.12287700000000003,0.02924800000000001,0.013472999999999997,0.007838999999999999,0.7901279999999998,0.17638500000000001,0.01931,0.007715,6.1000000000000005e-05,0.0,0.5368470000000002,0.26951800000000004,0.10908,0.05165300000000001,0.019591000000000004,0.008346999999999997,0.9544469999999998,0.028967,0.000427,0.0,0.0,0.0
30,30.0,0.551373,0.28038499999999994,0.11909599999999995,0.025324999999999997,0.012917000000000003,0.007168999999999998,0.7812499999999999,0.18436000000000002,0.02011799999999999,0.008003999999999997,0.0,0.0,0.5253470000000001,0.26895,0.11266800000000007,0.05618900000000002,0.024207000000000006,0.00783,0.9547870000000003,0.028711999999999994,0.000444,0.0,0.0,0.0
31,31.0,0.5564989999999999,0.2799790000000001,0.114368,0.02342699999999999,0.014199000000000002,0.0077139999999999995,0.7776070000000004,0.18815300000000004,0.019579999999999997,0.008407000000000001,0.0,0.0,0.5168629999999999,0.268042,0.114019,0.05926499999999999,0.028281000000000004,0.008818999999999999,0.9587459999999999,0.024608000000000005,0.000272,0.0,0.0,0.0
32,32.0,0.5640910000000001,0.27929800000000005,0.10810400000000003,0.022856,0.014328,0.007452000000000001,0.7692099999999997,0.19543800000000006,0.020076999999999998,0.009135999999999998,0.0,0.0,0.50346,0.2652150000000001,0.115747,0.062248,0.034313,0.014517000000000002,0.9579490000000002,0.025654000000000003,0.000135,0.0,0.0,0.0
33,33.0,0.572253,0.278974,0.10313699999999999,0.021592000000000007,0.013394,0.006688999999999998,0.7668069999999996,0.19899499999999995,0.019322,0.008704,5.1000000000000006e-05,0.0,0.4913449999999998,0.263394,0.11761799999999997,0.065557,0.038271999999999994,0.019454000000000006,0.9593090000000002,0.024166,0.000139,0.0,0.0,0.0
34,34.0,0.580691,0.27757299999999996,0.09732800000000001,0.021365,0.012924999999999999,0.006079000000000002,0.7596969999999998,0.20421000000000006,0.020419000000000007,0.009503999999999999,0.00015800000000000002,0.0,0.4802980000000001,0.260914,0.11879499999999998,0.06893300000000005,0.042449000000000014,0.024413,0.9627549999999995,0.020432000000000006,0.00012,0.0,0.0,0.0
35,35.0,0.5898130000000003,0.27634499999999995,0.09128000000000004,0.020824000000000002,0.012276000000000002,0.005322000000000001,0.7508539999999995,0.21031399999999995,0.022344,0.010474000000000004,0.00010800000000000001,0.0,0.46883900000000006,0.258995,0.12055599999999997,0.071769,0.046084000000000014,0.02969899999999999,0.9645219999999999,0.018695000000000003,0.0,0.0,0.0,0.0
36,36.0,0.5952349999999998,0.27711699999999995,0.08583699999999997,0.020710000000000003,0.01188,0.005043000000000001,0.743237,0.21661900000000003,0.022670000000000003,0.011338999999999998,0.00031400000000000004,0.0,0.4595600000000001,0.2556399999999999,0.12158400000000003,0.07457999999999998,0.05005899999999999,0.03465699999999999,0.966301,0.016952999999999996,0.0,0.0,0.0,0.0
37,37.0,0.6106240000000002,0.27602899999999997,0.07699299999999998,0.018417999999999993,0.009970000000000001,0.0036430000000000017,0.7360830000000003,0.22248000000000004,0.023071999999999995,0.011831999999999999,0.0008040000000000001,0.0,0.45100699999999994,0.25439700000000004,0.123284,0.076282,0.05287599999999999,0.038323,0.9679110000000003,0.015256000000000007,0.0,0.0,0.0,0.0
38,38.0,0.6192139999999999,0.27377299999999993,0.06898399999999999,0.019729,0.010360999999999995,0.003533000000000001,0.7336819999999998,0.225551,0.02217799999999999,0.011686999999999998,0.0011979999999999998,0.0,0.44370999999999994,0.254531,0.12360100000000002,0.07793999999999998,0.05537499999999997,0.041127,0.9692039999999997,0.013724000000000004,0.000143,0.0,0.0,0.0
39,39.0,0.6258539999999998,0.27373099999999995,0.06346100000000003,0.019893999999999988,0.009973000000000001,0.002607999999999999,0.724447,0.23216499999999995,0.02328300000000001,0.012733000000000003,0.0017879999999999999,0.0,0.43773600000000024,0.25280100000000005,0.12384400000000001,0.07923000000000006,0.05816899999999998,0.04457899999999999,0.9708050000000001,0.012088000000000003,0.000143,0.0,0.0,0.0
40,40.0,0.6393000000000001,0.27129299999999995,0.05524299999999999,0.018365999999999993,0.009092,0.002075,0.7220970000000001,0.23558100000000015,0.022296,0.012265000000000009,0.002197,0.0,0.426957,0.2495070000000001,0.12500700000000003,0.08251600000000002,0.062472999999999994,0.050012999999999995,0.9727160000000004,0.009686,0.00042800000000000005,0.0,0.0,0.0
41,41.0,0.651398,0.2697979999999999,0.04713400000000004,0.017560999999999997,0.008004,0.001353,0.7118000000000002,0.24146299999999996,0.02446099999999999,0.013780000000000006,0.003061,0.0,0.4207259999999999,0.24873100000000012,0.12593199999999996,0.08385999999999999,0.06430699999999998,0.053006999999999985,0.9735280000000006,0.008947,0.000156,0.0,0.0,0.0
42,42.0,0.6519810000000001,0.26793999999999996,0.046048,0.019731000000000005,0.008649,0.0008890000000000004,0.7065569999999998,0.24448099999999998,0.025447000000000008,0.014428000000000005,0.0037170000000000003,0.0,0.41414700000000004,0.24680099999999988,0.12673500000000001,0.08583799999999998,0.06717999999999998,0.055942,0.972096,0.009166,0.0010639999999999998,0.000362,0.00012200000000000001,0.0
43,43.0,0.664134,0.267,0.03890800000000001,0.017818999999999995,0.0071909999999999995,8.3e-05,0.7017189999999995,0.25071799999999994,0.024623000000000003,0.013496999999999997,0.004147999999999999,0.0,0.4095839999999999,0.246252,0.12777699999999995,0.08706800000000003,0.068334,0.0577,0.9726800000000001,0.008157,0.001693,0.00025299999999999997,0.000127,0.0
44,44.0,0.675926,0.263162,0.03304099999999999,0.016689999999999997,0.006178,0.0,0.692532,0.2546770000000001,0.02731599999999999,0.015108,0.005138,0.0,0.40146100000000007,0.24351899999999996,0.12897699999999998,0.089454,0.07170699999999995,0.061667000000000013,0.9693499999999997,0.008197000000000001,0.003316,0.001428,0.000444,0.0
45,45.0,0.681073,0.25975999999999994,0.031471000000000006,0.016761000000000005,0.005864000000000004,0.0,0.6865859999999999,0.25983700000000004,0.028178999999999996,0.014971000000000002,0.005284,0.0,0.3982479999999998,0.24237600000000006,0.12921300000000002,0.090349,0.07315299999999998,0.06345100000000001,0.9755330000000005,0.004280000000000001,0.001895,0.000599,0.00022000000000000003,0.00011000000000000002
46,46.0,0.6873149999999998,0.2562269999999999,0.03020399999999999,0.016298000000000003,0.004813,0.0,0.6834180000000001,0.26260100000000003,0.029684999999999993,0.014149000000000002,0.005039000000000001,4.1e-05,0.4016080000000001,0.2440660000000001,0.129428,0.08945000000000002,0.07126299999999998,0.06097599999999996,0.9753440000000001,0.005518000000000002,0.001564,0.000169,0.0,0.0
47,47.0,0.6949080000000001,0.252381,0.028309000000000008,0.015297000000000005,0.003913,0.0,0.6721419999999999,0.266555,0.03559899999999999,0.014915000000000001,0.005851000000000002,0.0,0.40689500000000023,0.24560700000000002,0.129281,0.08770200000000003,0.06907499999999998,0.05817499999999999,0.9754710000000003,0.0057820000000000015,0.0014169999999999999,0.00013299999999999998,0.0,0.0
48,48.0,0.700641,0.24725100000000017,0.028178,0.015162000000000002,0.0034950000000000007,0.0,0.6608120000000001,0.2685040000000001,0.04171000000000001,0.016559000000000004,0.007094999999999999,0.000485,0.4125869999999999,0.24715499999999996,0.128517,0.08642400000000001,0.06670700000000002,0.055262000000000006,0.9731120000000003,0.008485,0.000858,0.00026000000000000003,0.00013000000000000002,0.0
49,49.0,0.710795,0.23968200000000006,0.026504,0.014571999999999995,0.002996,0.0,0.655495,0.270331,0.04509299999999999,0.016470999999999993,0.0072440000000000004,0.0005319999999999999,0.42046600000000006,0.24981200000000015,0.12668900000000002,0.08362199999999997,0.06371599999999997,0.052235000000000024,0.9744720000000006,0.007821999999999999,0.00012200000000000001,0.0,0.0,0.0
50,50.0,0.7134839999999998,0.2360840000000001,0.027211999999999986,0.014856999999999995,0.0029070000000000003,0.0,0.639619,0.27170099999999997,0.054755999999999985,0.018529999999999994,0.009055999999999998,0.0016870000000000003,0.42731699999999995,0.25147899999999995,0.12562799999999996,0.08211800000000005,0.06125399999999998,0.04868899999999999,0.9710230000000002,0.011214,0.000548,0.0,0.0,0.0
51,51.0,0.7204240000000004,0.23299200000000003,0.025835,0.013641999999999996,0.001585,0.0,0.6331720000000001,0.2728690000000001,0.05966700000000001,0.017852999999999994,0.009422,0.0024529999999999995,0.43427200000000016,0.252849,0.12453899999999997,0.08015599999999999,0.05863999999999999,0.045942,0.9708590000000002,0.011759000000000002,0.000293,0.0,0.0,0.0
52,52.0,0.725079,0.2297269999999999,0.025326,0.013132999999999999,0.0011399999999999997,0.0,0.6237450000000002,0.2746900000000001,0.06672800000000004,0.017458,0.009748000000000001,0.003160999999999999,0.4407930000000001,0.2536950000000001,0.12427400000000004,0.07876899999999998,0.05611600000000001,0.042668999999999985,0.9716410000000004,0.011279000000000004,0.000137,0.0,0.0,0.0
53,53.0,0.7300199999999998,0.22360200000000005,0.026614999999999996,0.013384999999999996,0.0007289999999999999,0.0,0.6151599999999998,0.27572499999999994,0.07410599999999996,0.017607,0.009576000000000003,0.0034590000000000003,0.45212,0.2556590000000001,0.12268100000000003,0.07606599999999998,0.05188599999999998,0.037768,0.9697879999999999,0.013214000000000002,0.0,0.0,0.0,0.0
54,54.0,0.739041,0.21681400000000006,0.025398,0.012621000000000002,0.00036399999999999996,0.0,0.6050069999999999,0.276379,0.08249299999999997,0.017639999999999992,0.010069999999999999,0.004137000000000001,0.45872900000000016,0.25695300000000004,0.12197399999999997,0.07416699999999998,0.049928999999999994,0.03432700000000001,0.9686330000000009,0.014418,0.0,0.0,0.0,0.0
55,55.0,0.7431080000000001,0.21453799999999998,0.024496000000000004,0.011668999999999995,0.000368,0.0,0.5984680000000002,0.278749,0.08766599999999997,0.016850000000000004,0.009731000000000004,0.004308000000000001,0.463614,0.25768500000000005,0.12194600000000001,0.07348999999999999,0.048081000000000006,0.031177999999999994,0.9666300000000001,0.016384,0.000135,0.0,0.0,0.0
56,56.0,0.7490829999999999,0.21025499999999997,0.023727000000000005,0.010987,4.6e-05,0.0,0.5871909999999998,0.27935,0.09537599999999996,0.017983999999999997,0.010867000000000002,0.005133000000000001,0.4776540000000001,0.259987,0.11950799999999993,0.06933299999999998,0.043415,0.025959000000000003,0.9641949999999998,0.018903000000000003,0.00028199999999999997,0.0,0.0,0.0
57,57.0,0.7563430000000002,0.20412599999999997,0.022952000000000007,0.010529999999999998,5e-05,0.0,0.5805610000000003,0.280435,0.10057500000000003,0.01783299999999999,0.011019999999999999,0.005509000000000001,0.48826300000000006,0.2614040000000001,0.11856300000000002,0.067279,0.039561,0.020648,0.9631099999999998,0.020033,0.00014099999999999998,0.0,0.0,0.0
58,58.0,0.7582469999999999,0.20102399999999998,0.023952000000000008,0.010764999999999999,0.0,0.0,0.5696439999999999,0.280713,0.106423,0.020135999999999998,0.012473999999999999,0.0066719999999999965,0.4977750000000001,0.263496,0.11683600000000002,0.06485300000000001,0.036033,0.016624,0.961779,0.021870000000000004,0.0,0.0,0.0,0.0
59,59.0,0.7696300000000004,0.19317299999999996,0.02178,0.009268999999999998,0.0,0.0,0.5599210000000002,0.2798959999999998,0.11205900000000002,0.022872999999999998,0.013544000000000006,0.007866000000000001,0.5074370000000001,0.26498499999999997,0.11508500000000003,0.062016000000000016,0.033037000000000004,0.012895999999999998,0.9588199999999997,0.024423999999999998,0.00045700000000000005,0.0,0.0,0.0
60,60.0,0.777748,0.186525,0.02089600000000001,0.008576000000000002,0.0,0.0,0.5511689999999999,0.2807719999999999,0.11779199999999995,0.02504900000000001,0.013625999999999994,0.007847,0.519935,0.26757899999999996,0.11331600000000006,0.05725000000000003,0.02691699999999999,0.010300999999999998,0.9563320000000004,0.02725200000000001,0.000137,0.0,0.0,0.0
61,61.0,0.784512,0.18120499999999995,0.019841,0.008094,0.0,0.0,0.546328,0.28215200000000007,0.121356,0.027298000000000003,0.012086999999999999,0.007065000000000003,0.5319040000000002,0.268118,0.10986199999999999,0.052596000000000004,0.022205999999999993,0.010419000000000001,0.9555180000000005,0.028026999999999993,0.000306,0.0,0.0,0.0
62,62.0,0.7920059999999998,0.174803,0.019252999999999996,0.007522999999999999,0.0,0.0,0.534958,0.28155800000000003,0.12640299999999993,0.03290799999999999,0.012727000000000006,0.007869999999999999,0.5456789999999999,0.268028,0.10639200000000006,0.047449999999999985,0.017977999999999997,0.009401,0.95304,0.030256999999999996,0.0008020000000000001,0.0,0.0,0.0
63,63.0,0.794677,0.17217399999999997,0.019392999999999997,0.007346,0.0,0.0,0.5242140000000001,0.280209,0.132205,0.038667000000000014,0.012999000000000004,0.008234,0.5530530000000001,0.2666130000000001,0.10363800000000004,0.04510299999999998,0.017040999999999994,0.00938,0.9517409999999998,0.031429,0.0012900000000000001,0.0,0.0,0.0
64,64.0,0.8011099999999999,0.16603200000000004,0.019097,0.007275999999999998,0.0,0.0,0.5130659999999998,0.278108,0.13644000000000006,0.04513499999999998,0.014431000000000003,0.009429,0.5643500000000001,0.26663900000000007,0.09993099999999998,0.03895200000000001,0.016287000000000003,0.008515,0.9512699999999998,0.032096,0.001127,0.0,0.0,0.0
65,65.0,0.8102299999999997,0.158127,0.018652000000000002,0.006353999999999999,0.0,0.0,0.5076980000000002,0.278731,0.13934300000000005,0.04847300000000001,0.013814000000000003,0.008611,0.572291,0.26624899999999985,0.09673800000000003,0.03508100000000001,0.016369,0.007789999999999999,0.951506,0.031621,0.001334,0.0,0.0,0.0
66,66.0,0.8204519999999998,0.15049,0.016899000000000008,0.005381999999999999,0.0,0.0,0.49776699999999996,0.2779219999999999,0.14267100000000005,0.053094,0.016167,0.00913,0.5861180000000001,0.26463099999999995,0.09079300000000004,0.03019499999999999,0.015517999999999997,0.007012999999999999,0.9464300000000001,0.03570699999999999,0.00251,0.0,0.0,0.0
67,67.0,0.8237139999999998,0.14738699999999996,0.016802,0.0052899999999999996,0.0,0.0,0.4889999999999998,0.27644500000000005,0.14509899999999998,0.057016,0.019595,0.009693999999999998,0.599205,0.262643,0.08518,0.02685,0.014343999999999999,0.005914000000000002,0.9443760000000003,0.03776999999999999,0.002667,0.0,0.0,0.0
68,68.0,0.8291539999999997,0.14184300000000005,0.016939000000000003,0.005213,0.0,0.0,0.4790550000000001,0.27345600000000003,0.14796700000000002,0.06160099999999998,0.02447699999999998,0.010379999999999999,0.6042190000000001,0.26070399999999994,0.081416,0.027207000000000002,0.014975,0.005517999999999999,0.9449530000000003,0.035820000000000005,0.004244,0.0,0.0,0.0
69,69.0,0.8367659999999997,0.13575299999999998,0.016210999999999996,0.004321999999999999,0.0,0.0,0.46991000000000005,0.2709340000000001,0.15052800000000005,0.06585499999999996,0.028682000000000003,0.011094,0.613484,0.2575569999999999,0.07715799999999996,0.02687599999999999,0.014153999999999993,0.004641,0.941429,0.03905400000000001,0.004697,0.0,0.0,0.0
70,70.0,0.8454899999999996,0.12831,0.015117,0.004029,0.0,0.0,0.46106900000000023,0.26969999999999983,0.15190999999999996,0.06902599999999999,0.033023000000000004,0.012346999999999997,0.6257159999999997,0.2548059999999999,0.07039299999999997,0.025900000000000003,0.013108999999999997,0.0037209999999999995,0.9359709999999996,0.042978999999999996,0.006376000000000001,0.0,0.0,0.0
71,71.0,0.8476760000000002,0.12601900000000002,0.015143,0.004061999999999999,0.0,0.0,0.45336600000000016,0.2686060000000002,0.15420899999999998,0.07158699999999997,0.035689,0.013687,0.6351110000000001,0.2506790000000001,0.06548599999999999,0.026903999999999994,0.012761999999999996,0.0025439999999999994,0.9345149999999997,0.043771000000000004,0.007136999999999999,0.0,0.0,0.0
72,72.0,0.8521709999999999,0.12314300000000004,0.014274000000000004,0.003271,0.0,0.0,0.4415499999999997,0.26554400000000006,0.15635100000000005,0.075758,0.040021000000000015,0.018017000000000005,0.6426940000000002,0.24716400000000005,0.06175799999999996,0.027648000000000002,0.012385000000000004,0.001681,0.9332560000000005,0.04421299999999999,0.008155,0.0,0.0,0.0
73,73.0,0.8631840000000001,0.11556300000000003,0.011702000000000004,0.002293,0.0,0.0,0.4351919999999999,0.26406500000000005,0.15672600000000003,0.07735900000000001,0.042892,0.021072999999999995,0.653734,0.24517999999999993,0.055507999999999974,0.026906999999999986,0.011288999999999995,0.0005339999999999999,0.9305269999999999,0.045683,0.009561,0.0,0.0,0.0
74,74.0,0.8667009999999999,0.11127099999999997,0.012171000000000001,0.002617,0.0,0.0,0.42819300000000027,0.26239700000000005,0.15776000000000004,0.079066,0.04576199999999999,0.024194999999999998,0.664088,0.242394,0.050779000000000005,0.02594200000000001,0.009755999999999997,5.9e-05,0.9275360000000004,0.047799999999999995,0.010669999999999997,0.0,0.0,0.0
75,75.0,0.8754920000000002,0.10505800000000004,0.010381999999999995,0.0017069999999999995,0.0,0.0,0.4189720000000001,0.260143,0.15923800000000005,0.082316,0.04932200000000002,0.027445,0.6785749999999999,0.23709899999999998,0.046049,0.023698,0.007316000000000001,0.0,0.9233730000000002,0.050347999999999976,0.012559000000000004,0.0,0.0,0.0
76,76.0,0.8835710000000002,0.098445,0.009332000000000002,0.00118,0.0,0.0,0.4135499999999999,0.259205,0.16029499999999997,0.08403099999999997,0.05098899999999998,0.02943399999999999,0.6933340000000004,0.2304369999999999,0.043021000000000004,0.020876000000000002,0.004787,0.0,0.9231570000000002,0.05004200000000001,0.013207000000000002,0.0,0.0,0.0
77,77.0,0.881921,0.10013000000000005,0.009173999999999998,0.0013640000000000002,0.0,0.0,0.4065609999999998,0.25719900000000007,0.161171,0.08581399999999999,0.053984999999999984,0.03282599999999999,0.700608,0.22640100000000007,0.042289,0.019567999999999995,0.003447,0.0,0.9203020000000002,0.05143600000000001,0.014975999999999998,0.0,0.0,0.0
78,78.0,0.8881829999999995,0.09475400000000005,0.008544,0.0010340000000000002,0.0,0.0,0.3986229999999999,0.255429,0.16241,0.088293,0.05700600000000001,0.035866999999999996,0.7065319999999999,0.21906900000000007,0.04330999999999998,0.019948,0.0033419999999999995,0.0,0.9165219999999998,0.053276999999999984,0.017080999999999992,0.0,0.0,0.0
79,79.0,0.8898530000000002,0.09245099999999999,0.009191000000000003,0.0010159999999999998,0.0,0.0,0.39288699999999993,0.25427700000000003,0.163816,0.08995800000000002,0.058848000000000004,0.037885999999999996,0.7163640000000002,0.21094,0.043313000000000004,0.019341000000000004,0.002003,0.0,0.9146240000000002,0.05513399999999998,0.017287,0.0,0.0,0.0
80,80.0,0.8938419999999998,0.08899600000000002,0.008595,0.001028,0.0,0.0,0.3862050000000001,0.2528270000000001,0.164682,0.09240100000000001,0.061445000000000013,0.04017099999999999,0.7271279999999999,0.20181599999999986,0.04388300000000001,0.018341,0.0005610000000000001,0.0,0.9164960000000001,0.054028,0.016582,0.0,0.0,0.0
81,81.0,0.9007340000000004,0.08378099999999998,0.007314,0.0005600000000000001,0.0,0.0,0.38153000000000015,0.2508190000000001,0.16512300000000002,0.09402100000000001,0.06350499999999998,0.042774000000000006,0.7422430000000003,0.192322,0.041187999999999995,0.015566,0.000151,0.0,0.9121440000000004,0.05623,0.018907000000000004,0.0,0.0,0.0
82,82.0,0.9074150000000006,0.07884999999999996,0.005788,0.000256,0.0,0.0,0.37411199999999994,0.24939699999999995,0.16607999999999998,0.095931,0.066478,0.045835999999999995,0.7530730000000001,0.18580800000000003,0.03921500000000001,0.013065999999999998,8.3e-05,0.0,0.9072650000000004,0.05893499999999998,0.021373000000000003,0.0,0.0,0.0
83,83.0,0.906762,0.08018499999999999,0.004920999999999999,0.000472,0.0,0.0,0.3687139999999999,0.24828,0.167194,0.09746500000000002,0.068247,0.04799499999999999,0.757567,0.180684,0.040378000000000004,0.012544000000000001,0.0,0.0,0.9046369999999994,0.06049099999999999,0.022696000000000004,0.0,0.0,0.0
84,84.0,0.9105409999999996,0.07648399999999998,0.004973000000000001,0.000277,0.0,0.0,0.36423400000000006,0.24725599999999992,0.16741100000000006,0.09882599999999997,0.07014800000000002,0.05002199999999998,0.7671089999999997,0.17129599999999992,0.041077,0.011467,0.0,0.0,0.9002480000000004,0.06310400000000001,0.02450799999999999,0.0,0.0,0.0
85,85.0,0.9156119999999999,0.07208199999999998,0.004309999999999998,0.000196,0.0,0.0,0.359594,0.24591799999999991,0.168103,0.100651,0.07190299999999995,0.051774000000000014,0.788701,0.15392800000000004,0.039044000000000016,0.008870000000000001,0.0,0.0,0.898626,0.064251,0.025018000000000006,0.0,0.0,0.0
86,86.0,0.9212899999999999,0.06684000000000002,0.0038529999999999992,0.000138,0.0,0.0,0.35641199999999995,0.24505400000000002,0.16862200000000005,0.101465,0.07326600000000001,0.053152,0.7966799999999994,0.144978,0.04025600000000001,0.008379,0.0,0.0,0.8942289999999998,0.067055,0.026819999999999997,0.0,0.0,0.0
87,87.0,0.9205780000000001,0.06667,0.0038109999999999993,0.000828,0.000248,0.0,0.3522009999999999,0.244431,0.16928100000000001,0.10232,0.07482600000000002,0.05495299999999999,0.805365,0.13768799999999998,0.040168,0.006921,0.0,0.0,0.8854290000000001,0.07367599999999998,0.029165999999999997,0.000104,0.0,0.0
88,88.0,0.9207569999999998,0.06553800000000001,0.0036980000000000008,0.0014179999999999998,0.000567,0.00018800000000000002,0.347297,0.24269899999999997,0.169714,0.10428799999999999,0.076799,0.057254000000000006,0.8215210000000001,0.126763,0.037538,0.004031,0.0,0.0,0.8773889999999998,0.07974799999999999,0.030974999999999996,0.0005080000000000001,0.0,0.0
89,89.0,0.918189,0.06756700000000002,0.0031269999999999996,0.001668,0.000995,0.000633,0.34531100000000026,0.2418150000000001,0.16918,0.10529900000000003,0.077938,0.05850300000000001,0.8284720000000001,0.11931500000000002,0.037788,0.004111,0.0,0.0,0.8673319999999997,0.088664,0.03216600000000001,0.000729,0.0,0.0
90,90.0,0.9389390000000003,0.05259300000000001,0.0004649999999999999,0.0,0.0,0.0,0.3411660000000001,0.241009,0.17085199999999992,0.106454,0.07893100000000003,0.05969099999999998,0.8573030000000006,0.09607299999999995,0.034623,0.001147,0.0,0.0,0.8661260000000002,0.08889000000000002,0.03312299999999999,0.0009229999999999999,0.0,0.0
91,91.0,0.9248850000000003,0.06416399999999998,0.002073,0.000809,0.000143,7.1e-05,0.3457089999999999,0.24280500000000008,0.16958,0.10447300000000004,0.07743199999999999,0.05806899999999998,0.8572980000000001,0.09601699999999999,0.034926000000000006,0.0008399999999999999,0.0,0.0,0.8481419999999998,0.105244,0.03359100000000001,0.0023850000000000004,0.0,0.0
92,92.0,0.9258999999999997,0.06175499999999998,0.003091,0.000971,0.00030700000000000004,6e-05,0.35021,0.24391799999999997,0.16909699999999997,0.10297700000000001,0.07589100000000001,0.05592299999999998,0.8678970000000004,0.086539,0.03378900000000001,0.000487,0.0,0.0,0.8357870000000004,0.11595400000000002,0.03419600000000001,0.003641,0.0,0.0
93,93.0,0.9173150000000002,0.07097599999999998,0.003227,0.000674,6.3e-05,0.0,0.35262899999999997,0.24450699999999995,0.16896600000000006,0.10206199999999999,0.07472000000000001,0.055126,0.8694270000000002,0.084944,0.034408,0.0,0.0,0.0,0.8161359999999999,0.13148600000000005,0.03606200000000001,0.006353999999999999,0.0,0.0
94,94.0,0.9210969999999999,0.068341,0.0024459999999999994,0.00027299999999999997,0.0,0.0,0.35711999999999994,0.24549200000000007,0.16843800000000006,0.10053199999999993,0.07330099999999998,0.053069000000000005,0.8836729999999997,0.074146,0.030441000000000003,0.0,0.0,0.0,0.805607,0.14189500000000005,0.034957999999999996,0.007737999999999999,0.0,0.0
95,95.0,0.9167409999999998,0.071349,0.0036679999999999985,0.000401,6.3e-05,0.0,0.3612680000000001,0.24631199999999992,0.16745100000000002,0.09921500000000001,0.071708,0.05199199999999998,0.8882990000000005,0.07167799999999999,0.02817599999999999,0.0,0.0,0.0,0.7862640000000001,0.155978,0.03778899999999998,0.010581000000000002,0.0,0.0
96,96.0,0.9106760000000002,0.07641700000000001,0.004812999999999999,0.000402,0.0,0.0,0.365264,0.24761700000000006,0.16680999999999999,0.09792899999999999,0.07003600000000001,0.05025699999999999,0.8904000000000002,0.07073099999999999,0.026923,0.0,0.0,0.0,0.7759400000000004,0.16404300000000002,0.03887700000000001,0.011993,0.0,0.0
97,97.0,0.9089230000000005,0.076958,0.005956,0.00047,0.0,0.0,0.36945199999999995,0.24801900000000007,0.16670099999999993,0.09731399999999997,0.06837500000000002,0.048001,0.8940959999999998,0.06842699999999997,0.02534500000000001,0.0,0.0,0.0,0.7686799999999997,0.17153799999999997,0.037799000000000006,0.013022,0.0,0.0
98,98.0,0.9085789999999999,0.07869200000000003,0.004764,0.00027499999999999996,0.0,0.0,0.37399300000000013,0.2493170000000001,0.165934,0.09625800000000001,0.06643600000000001,0.04588300000000002,0.8979949999999995,0.06568999999999998,0.024086000000000007,0.0,0.0,0.0,0.7591949999999997,0.18013399999999996,0.0375,0.014332000000000001,8e-05,0.0
99,99.0,0.9031079999999999,0.083158,0.005778999999999999,0.000334,0.0,0.0,0.3784559999999999,0.25052599999999997,0.16563200000000003,0.09502099999999998,0.06459800000000002,0.04354900000000002,0.9076809999999998,0.06033899999999999,0.019479000000000003,0.0,0.0,0.0,0.7574929999999996,0.185566,0.03481500000000002,0.013372000000000002,8e-05,0.0
100,100.0,0.9014940000000002,0.08439699999999994,0.005792,0.000692,0.0,0.0,0.38368199999999997,0.25181099999999995,0.1645660000000001,0.09312700000000004,0.06267299999999999,0.041869,0.907547,0.061389999999999986,0.018392000000000002,0.0,0.0,0.0,0.7478800000000002,0.19419699999999995,0.03494499999999999,0.013966000000000001,0.000526,0.0
101,101.0,0.9014939999999997,0.084154,0.0061270000000000005,0.0006090000000000001,0.0,0.0,0.389694,0.25298000000000004,0.16364400000000004,0.091299,0.06036800000000001,0.03970399999999999,0.909394,0.06030300000000004,0.017429,0.0,0.0,0.0,0.7349579999999999,0.20448999999999998,0.035233,0.015332000000000004,0.0017229999999999997,0.0
102,102.0,0.8955549999999997,0.08832400000000003,0.007612000000000001,0.000948,0.0,0.0,0.3966519999999999,0.25478899999999993,0.16277699999999995,0.08919899999999999,0.05775500000000003,0.036449999999999996,0.9113320000000005,0.05852600000000002,0.017012000000000006,0.0,0.0,0.0,0.721029,0.21564699999999992,0.03630600000000002,0.016659000000000004,0.002371,0.0
103,103.0,0.89091,0.09391900000000003,0.006987,0.0006240000000000001,0.0,0.0,0.4032500000000001,0.2559740000000001,0.161541,0.087147,0.05546900000000001,0.034183000000000005,0.91035,0.058758000000000025,0.017660000000000002,0.0,0.0,0.0,0.7093910000000001,0.2246739999999999,0.036893,0.017719000000000002,0.0035269999999999998,0.0
104,104.0,0.8842310000000001,0.09910200000000007,0.007869999999999999,0.0013329999999999998,0.0,0.0,0.4075729999999998,0.2574920000000001,0.16104799999999997,0.08605,0.053525,0.03184799999999998,0.9142230000000003,0.05706000000000001,0.015446000000000005,0.0,0.0,0.0,0.6990799999999999,0.23030599999999996,0.038362999999999994,0.019210999999999992,0.005466000000000001,0.0
105,105.0,0.8793590000000004,0.10293799999999997,0.008579999999999999,0.001674,0.0,0.0,0.4165219999999998,0.2598459999999999,0.15977300000000003,0.08284600000000002,0.05010600000000001,0.028365,0.9171470000000004,0.055274000000000004,0.013970999999999996,0.0,0.0,0.0,0.687971,0.23581099999999997,0.04133199999999999,0.021276000000000007,0.006233,0.0
106,106.0,0.87174,0.10945799999999994,0.009673000000000003,0.0017879999999999999,0.0,0.0,0.4272059999999999,0.2635120000000001,0.15854600000000002,0.079405,0.045313,0.023387000000000005,0.919228,0.05398499999999999,0.013057000000000001,0.0,0.0,0.0,0.6772459999999998,0.24089599999999997,0.04465099999999997,0.022081000000000003,0.007982999999999997,0.0
107,107.0,0.8628620000000001,0.11529699999999998,0.011931000000000004,0.0026890000000000004,0.0,0.0,0.432625,0.2642190000000001,0.15771300000000005,0.07794300000000001,0.04347799999999999,0.021350999999999995,0.9214020000000004,0.052597000000000026,0.012101000000000004,0.0,0.0,0.0,0.661852,0.24510999999999997,0.05122699999999998,0.02383,0.010449999999999997,0.0006380000000000001
108,108.0,0.8641580000000002,0.11593299999999998,0.010750999999999997,0.001909,0.0,0.0,0.4417379999999999,0.265763,0.15610600000000002,0.07547700000000002,0.040246000000000004,0.017918,0.9263030000000002,0.050416999999999976,0.009035999999999999,0.0,0.0,0.0,0.6551520000000001,0.24875999999999984,0.053327,0.023733999999999998,0.010698000000000001,0.0015369999999999995
109,109.0,0.858308,0.12142900000000005,0.010491000000000002,0.002589,0.0,0.0,0.4466050000000002,0.267145,0.1554860000000001,0.07442200000000002,0.037878,0.015664999999999995,0.927384,0.04951299999999999,0.008818,0.0,0.0,0.0,0.6455989999999998,0.253153,0.06044600000000001,0.022065000000000005,0.010204999999999999,0.0018939999999999999
110,110.0,0.8465820000000001,0.13122000000000006,0.012322999999999999,0.0028250000000000003,0.0,0.0,0.45871,0.27038899999999993,0.15334299999999995,0.06936100000000005,0.03272400000000002,0.012578,0.9295000000000004,0.04696600000000001,0.009057999999999998,0.0,0.0,0.0,0.6346360000000002,0.2551220000000001,0.06728700000000001,0.022648000000000005,0.011120000000000001,0.0027730000000000003
111,111.0,0.8421670000000002,0.13426299999999997,0.013223000000000002,0.003378999999999999,0.0,0.0,0.464201,0.2708120000000001,0.15118800000000002,0.06771799999999999,0.03050300000000001,0.012637000000000002,0.9332910000000004,0.045793999999999994,0.006324000000000001,0.0,0.0,0.0,0.6204380000000004,0.25882599999999995,0.07471700000000002,0.023791999999999994,0.012330999999999995,0.0037180000000000013
112,112.0,0.8356889999999997,0.13999700000000004,0.013594,0.0038089999999999986,0.0,0.0,0.4736910000000001,0.27328500000000017,0.14892499999999997,0.063195,0.025996999999999996,0.011873999999999996,0.9328309999999999,0.046391,0.006125,0.0,0.0,0.0,0.613383,0.26158900000000007,0.07848800000000002,0.023350999999999997,0.012492999999999999,0.004653000000000002
113,113.0,0.8331879999999998,0.141872,0.013838999999999995,0.004178,0.0,0.0,0.4820870000000001,0.2740499999999999,0.14617700000000003,0.059920999999999995,0.022543,0.012113999999999993,0.9370570000000004,0.043709000000000005,0.004281,0.0,0.0,0.0,0.6100430000000001,0.2637300000000001,0.08016800000000003,0.02238800000000001,0.012246000000000005,0.0054410000000000005
114,114.0,0.8232969999999998,0.15064299999999992,0.014750000000000003,0.004530999999999999,0.0,0.0,0.4887359999999999,0.27540999999999993,0.14472599999999994,0.05688500000000001,0.019632,0.011464999999999998,0.940849,0.04093899999999999,0.0031429999999999995,0.0,0.0,0.0,0.5933120000000001,0.26698299999999986,0.08830800000000004,0.026215999999999996,0.013218999999999995,0.006230999999999998
115,115.0,0.816725,0.15661700000000006,0.015030000000000003,0.0049539999999999975,0.0,0.0,0.5008170000000001,0.27744099999999994,0.14081700000000003,0.05101199999999997,0.01637,0.010297000000000002,0.9426429999999993,0.03963899999999997,0.0025830000000000002,0.0,0.0,0.0,0.5829869999999999,0.26849100000000004,0.09310800000000001,0.030131,0.013136000000000002,0.006607999999999999
116,116.0,0.8115559999999998,0.16084299999999999,0.015346999999999998,0.005635,0.0,0.0,0.5087709999999999,0.27846800000000005,0.137369,0.04623699999999999,0.015829000000000003,0.009998999999999997,0.9457669999999999,0.03756199999999999,0.0014399999999999999,0.0,0.0,0.0,0.573493,0.2689200000000001,0.096266,0.03484099999999999,0.013819000000000003,0.007258999999999999
117,117.0,0.802105,0.16888099999999998,0.016225,0.006291999999999999,0.0,0.0,0.518456,0.27846500000000013,0.133253,0.041149000000000005,0.015405000000000009,0.009864000000000001,0.9468610000000001,0.035695000000000005,0.002096,0.0,0.0,0.0,0.5597650000000001,0.27004400000000006,0.10154100000000005,0.042036999999999984,0.014112000000000003,0.00731
118,118.0,0.7991049999999995,0.170914,0.017209999999999996,0.0062629999999999995,0.0,0.0,0.5307630000000001,0.279413,0.12826700000000002,0.035164,0.014236000000000004,0.008615999999999999,0.9505430000000002,0.033001,0.000585,0.0,0.0,0.0,0.5492639999999999,0.2692669999999999,0.10518499999999997,0.046476000000000024,0.01611,0.008609000000000004
119,119.0,0.7843939999999999,0.18094500000000002,0.020082,0.008251000000000001,0.0,0.0,0.5424720000000002,0.280569,0.12307700000000005,0.029331999999999997,0.013314000000000006,0.00759,0.9520320000000004,0.03131400000000001,0.000814,0.0,0.0,0.0,0.5355449999999997,0.26879300000000006,0.108503,0.05189799999999999,0.020626000000000012,0.009776000000000002
120,120.0,0.7817999999999999,0.18461699999999998,0.01919999999999999,0.008087,0.0,0.0,0.5474760000000002,0.2806749999999999,0.11916600000000006,0.027017999999999997,0.014049999999999993,0.007929999999999998,0.955658,0.028393000000000015,0.0,0.0,0.0,0.0,0.5267330000000002,0.26785099999999995,0.11075500000000002,0.056026000000000006,0.024975999999999998,0.008896000000000001
121,121.0,0.7784650000000002,0.18783200000000005,0.019017000000000003,0.008420000000000004,0.0,0.0,0.5539860000000002,0.2805760000000001,0.11419899999999998,0.02476800000000001,0.014812,0.007911,0.9547390000000003,0.028815000000000004,0.000255,0.0,0.0,0.0,0.5166489999999999,0.266336,0.11324200000000001,0.05927,0.029560000000000013,0.010321
122,122.0,0.7772450000000001,0.19129199999999996,0.017446999999999994,0.007764999999999995,0.0,0.0,0.5642870000000001,0.28078200000000003,0.108562,0.021995999999999998,0.013520000000000006,0.007017000000000002,0.958606,0.02511100000000001,0.0,0.0,0.0,0.0,0.5035230000000002,0.26553299999999996,0.11471800000000007,0.06284999999999999,0.03420899999999998,0.014707000000000001
123,123.0,0.7611139999999996,0.20327199999999987,0.020008000000000005,0.009432,0.00010499999999999999,0.0,0.5688689999999998,0.28060799999999997,0.10412799999999996,0.022226000000000013,0.013579000000000006,0.0066830000000000014,0.9606830000000002,0.022750999999999997,0.000261,0.0,0.0,0.0,0.48867799999999983,0.262562,0.11733099999999995,0.066627,0.03956900000000001,0.020985
124,124.0,0.7568849999999998,0.20698800000000006,0.020260000000000007,0.009576000000000003,0.000256,0.0,0.5793760000000001,0.27877199999999996,0.097617,0.021324000000000006,0.012879,0.006035000000000001,0.9612249999999994,0.02222,0.0,0.0,0.0,0.0,0.4806610000000002,0.26130200000000003,0.11795799999999998,0.06876699999999997,0.04234300000000002,0.024794999999999998
125,125.0,0.7571639999999996,0.2088570000000001,0.018607000000000002,0.009128,0.000214,0.0,0.5870329999999999,0.2773060000000001,0.09142300000000005,0.021613000000000007,0.012889999999999999,0.005668000000000002,0.964964,0.018350000000000005,0.0,0.0,0.0,0.0,0.47135600000000005,0.259913,0.11914299999999996,0.070786,0.045574000000000024,0.029175999999999994
126,126.0,0.742466,0.21712599999999999,0.022742,0.011459999999999994,0.0003560000000000001,0.0,0.59765,0.2774040000000001,0.08403799999999999,0.020411999999999996,0.011528999999999996,0.004785,0.9653070000000001,0.017884999999999995,0.000147,0.0,0.0,0.0,0.4605019999999999,0.2574030000000001,0.12068400000000003,0.073599,0.049712000000000034,0.03418299999999999
127,127.0,0.7373680000000001,0.22451900000000008,0.021110999999999994,0.010672,0.0005740000000000001,0.0,0.6051890000000001,0.2766599999999999,0.07825,0.020529000000000002,0.011079999999999994,0.004055000000000003,0.967711,0.015576000000000003,0.0,0.0,0.0,0.0,0.4512359999999999,0.255919,0.12176899999999997,0.07595100000000002,0.05286900000000002,0.038447
128,128.0,0.7287230000000002,0.22963999999999998,0.022845000000000018,0.011919999999999997,0.001202,0.0,0.612829,0.27572800000000003,0.07287500000000002,0.02030899999999999,0.010566999999999998,0.0033719999999999996,0.9659950000000002,0.017278000000000005,0.0,0.0,0.0,0.0,0.4404440000000001,0.25362399999999996,0.123863,0.07914,0.05668400000000001,0.04257299999999999
129,129.0,0.7259469999999999,0.232011,0.022354999999999996,0.012004999999999998,0.0020559999999999992,0.0,0.62103,0.27387700000000004,0.06656000000000002,0.020589999999999997,0.0105,0.0030220000000000004,0.970062,0.012853000000000002,0.000132,0.0,0.0,0.0,0.4327220000000003,0.25183700000000014,0.12478700000000006,0.08134700000000002,0.05955300000000002,0.046161000000000015
130,130.0,0.7220019999999999,0.2366,0.021869,0.011812000000000005,0.002176,0.0,0.6296070000000001,0.27219499999999996,0.05933300000000001,0.020840999999999995,0.010728,0.0028149999999999994,0.9719120000000006,0.010722000000000002,0.00043,0.0,0.0,0.0,0.4249369999999999,0.24985700000000002,0.126099,0.083186,0.062498999999999985,0.049953
131,131.0,0.7150409999999999,0.2431319999999999,0.021965000000000002,0.011949999999999999,0.0024669999999999996,0.0,0.6456050000000001,0.27087599999999995,0.049908999999999974,0.018800000000000004,0.008938,0.001233,0.9738730000000005,0.008788000000000002,0.000291,0.0,0.0,0.0,0.418093,0.24901399999999985,0.12645300000000004,0.08461900000000004,0.065071,0.05337900000000001
132,132.0,0.707974,0.24769300000000005,0.023163,0.012636999999999999,0.0031540000000000006,0.0,0.6509280000000001,0.2696759999999999,0.04570300000000001,0.019397,0.008608,0.000987,0.9739320000000002,0.008573000000000002,0.00043300000000000006,0.0,0.0,0.0,0.4099779999999999,0.24622600000000008,0.12813099999999994,0.08716400000000006,0.06807500000000004,0.057136000000000006
133,133.0,0.7003649999999999,0.2516749999999999,0.025252999999999998,0.013753000000000001,0.0037029999999999993,0.0,0.65731,0.26756399999999997,0.042381,0.019657000000000004,0.007994000000000003,0.000334,0.9740890000000009,0.0077670000000000005,0.001068,0.0,0.0,0.0,0.40654400000000007,0.24491,0.12830700000000006,0.088023,0.06974999999999999,0.059224
134,134.0,0.6954340000000001,0.25445199999999996,0.02653000000000001,0.014208000000000004,0.0041470000000000005,0.0,0.6647499999999998,0.26299300000000014,0.039155999999999996,0.020383,0.007765000000000001,8.400000000000001e-05,0.9711080000000003,0.007226000000000002,0.0028169999999999996,0.0010639999999999998,0.0003850000000000001,0.00013000000000000002,0.400441,0.24368800000000002,0.128718,0.08967799999999995,0.072058,0.06223799999999999
135,135.0,0.6842169999999999,0.26039,0.029687000000000015,0.015217000000000005,0.005418999999999999,0.0,0.6746089999999998,0.260729,0.034651,0.018382999999999997,0.006630000000000001,4.6e-05,0.9726280000000007,0.006586000000000001,0.002162,0.0008740000000000001,0.000389,0.000281,0.3978200000000001,0.24311700000000003,0.128229,0.09033399999999998,0.07335499999999999,0.06402200000000001
136,136.0,0.6814359999999999,0.26272999999999996,0.030292999999999983,0.014835000000000003,0.005559999999999999,9.1e-05,0.686722,0.25572800000000007,0.029909999999999992,0.016853000000000003,0.005670000000000004,0.0,0.9741610000000002,0.005189999999999999,0.001978,0.0007570000000000001,0.00037600000000000003,0.000127,0.40326899999999993,0.2447009999999999,0.127865,0.088663,0.071101,0.06119100000000002
137,137.0,0.6714520000000002,0.2670589999999999,0.035628999999999994,0.014939000000000004,0.005895000000000003,9.1e-05,0.6935360000000002,0.25272000000000006,0.028100999999999998,0.015745999999999996,0.004727000000000002,0.0,0.977087,0.005242000000000001,0.000423,0.0,0.0,0.0,0.4078750000000001,0.245386,0.127173,0.08755299999999998,0.06965599999999998,0.059133
138,138.0,0.6649680000000003,0.26828799999999997,0.040139000000000015,0.015010999999999997,0.006348999999999999,0.000366,0.7009559999999998,0.24791100000000005,0.027085999999999995,0.014938,0.0038760000000000005,0.0,0.9757700000000004,0.006447000000000001,0.000568,0.0,0.0,0.0,0.413425,0.24714200000000003,0.127428,0.086322,0.06698500000000002,0.05541200000000002
139,139.0,0.6517149999999999,0.27105,0.04689699999999999,0.016746,0.007764000000000001,0.00108,0.7057229999999997,0.244489,0.026449000000000004,0.014722999999999988,0.0033009999999999997,0.0,0.973052,0.009423,0.00043499999999999995,0.0,0.0,0.0,0.420425,0.24848099999999995,0.12594099999999997,0.084698,0.064437,0.052642000000000015
140,140.0,0.6433860000000002,0.273266,0.05233999999999999,0.016898000000000003,0.008027000000000001,0.0014199999999999996,0.7095989999999999,0.24128300000000005,0.026919999999999996,0.014520000000000002,0.0023140000000000005,0.0,0.9744959999999999,0.008193,0.000274,0.0,0.0,0.0,0.4258289999999998,0.250931,0.125225,0.082862,0.062210999999999995,0.049486999999999996
141,141.0,0.6280260000000002,0.274879,0.063456,0.017808999999999995,0.008953999999999997,0.002382,0.7129260000000004,0.23669799999999996,0.027948999999999998,0.014793,0.0022109999999999994,0.0,0.9724240000000003,0.010581999999999998,0.000128,0.0,0.0,0.0,0.4328000000000003,0.25314999999999993,0.12485299999999999,0.08110499999999997,0.059146000000000004,0.045409
142,142.0,0.6191239999999998,0.2756869999999999,0.07011099999999999,0.017921000000000003,0.009687999999999997,0.003063,0.7243399999999999,0.22969499999999982,0.025620999999999994,0.013301000000000002,0.001497,0.0,0.9706619999999998,0.012412999999999997,0.000164,0.0,0.0,0.0,0.439354,0.25439599999999996,0.12447599999999999,0.079715,0.056498,0.041914999999999994
143,143.0,0.6139000000000001,0.275891,0.07509100000000003,0.017289,0.009749,0.003725000000000001,0.7296780000000002,0.2256670000000001,0.025429999999999987,0.012846000000000002,0.0007639999999999999,0.0,0.9719570000000004,0.011253000000000003,0.0,0.0,0.0,0.0,0.44740800000000003,0.25597099999999995,0.12299100000000003,0.07745499999999998,0.053781999999999996,0.03863600000000001
144,144.0,0.6021449999999998,0.27737100000000003,0.08175499999999998,0.019001999999999995,0.010905000000000003,0.004565,0.7341389999999997,0.21953199999999992,0.026817,0.013232000000000006,0.0005899999999999999,0.0,0.9666280000000004,0.016612999999999992,0.0,0.0,0.0,0.0,0.45677299999999976,0.257002,0.12182100000000001,0.07506899999999998,0.05052699999999998,0.03494100000000002
145,145.0,0.5958380000000002,0.27840200000000004,0.08823200000000002,0.018050000000000004,0.010644999999999998,0.004666999999999999,0.7414769999999996,0.215051,0.025286999999999997,0.012155999999999998,0.000252,0.0,0.9655600000000003,0.017597000000000005,0.000139,0.0,0.0,0.0,0.4649409999999999,0.259434,0.12132600000000003,0.07279200000000002,0.04723900000000001,0.030283
146,146.0,0.582951,0.2791589999999998,0.096873,0.019674000000000004,0.011791999999999995,0.005469999999999998,0.7494939999999999,0.20974600000000007,0.023819999999999997,0.010989,5.1000000000000006e-05,0.0,0.9647749999999998,0.018582999999999995,0.0,0.0,0.0,0.0,0.47523400000000005,0.262434,0.11990499999999998,0.070168,0.04333300000000004,0.024786000000000002
147,147.0,0.5767719999999997,0.28114199999999995,0.101562,0.018985999999999996,0.011908,0.0056099999999999995,0.7531500000000004,0.20529399999999998,0.024660000000000012,0.010916999999999996,5.4000000000000005e-05,0.0,0.9611920000000002,0.022109999999999998,0.000261,0.0,0.0,0.0,0.48659099999999983,0.26323399999999997,0.11865400000000001,0.06789099999999999,0.03917700000000003,0.020184
148,148.0,0.5682010000000002,0.2823849999999999,0.10848200000000004,0.019377,0.011642000000000001,0.005995999999999999,0.7616899999999996,0.20031199999999993,0.022370999999999995,0.009595000000000005,0.0,0.0,0.9608180000000001,0.022837999999999997,0.0,0.0,0.0,0.0,0.49802900000000005,0.26404999999999995,0.11724499999999999,0.064771,0.03600400000000001,0.01547499999999999
149,149.0,0.5598880000000002,0.28238899999999995,0.11349500000000003,0.02191,0.012084000000000004,0.006421999999999999,0.7657249999999999,0.19572000000000003,0.022625999999999993,0.009821,5.3e-05,0.0,0.9587200000000006,0.024831999999999996,0.000257,0.0,0.0,0.0,0.5090340000000001,0.26673199999999997,0.11517599999999999,0.06179700000000001,0.031545,0.011201
150,150.0,0.554679,0.28184600000000004,0.11745999999999998,0.023434,0.012162000000000001,0.006639999999999999,0.7789349999999997,0.1854520000000001,0.020708999999999995,0.008655000000000001,0.0,0.0,0.9573130000000001,0.0263,0.000135,0.0,0.0,0.0,0.521276,0.269189,0.11344299999999999,0.05646299999999999,0.025355000000000003,0.009554000000000002
151,151.0,0.5450149999999996,0.281517,0.121862,0.028314000000000013,0.012482000000000002,0.0071170000000000035,0.7905100000000002,0.17664899999999994,0.019018,0.007444999999999999,0.0,0.0,0.9560239999999997,0.027133000000000008,0.0007040000000000001,0.0,0.0,0.0,0.535338,0.270531,0.11049599999999998,0.051704000000000014,0.01901100000000001,0.008012
152,152.0,0.533847,0.28046399999999994,0.12697100000000006,0.033653,0.013432000000000005,0.008061000000000002,0.7911279999999999,0.17496699999999998,0.019998000000000002,0.0075169999999999985,0.0,0.0,0.9537790000000004,0.029619999999999997,0.0006870000000000001,0.0,0.0,0.0,0.543623,0.2701130000000001,0.10761800000000006,0.04835799999999999,0.016707999999999997,0.008567999999999997
153,153.0,0.526262,0.28062700000000007,0.13088899999999995,0.03813399999999999,0.012693000000000003,0.007878000000000001,0.7960540000000002,0.169122,0.02062999999999999,0.007733999999999999,0.0,0.0,0.9522060000000002,0.030735000000000002,0.001251,0.0,0.0,0.0,0.5488579999999998,0.2682700000000002,0.1052500000000001,0.045598,0.017568000000000004,0.009346
154,154.0,0.5132229999999999,0.279619,0.13627600000000006,0.04486600000000001,0.013911000000000001,0.008719000000000001,0.803792,0.16288099999999994,0.019684999999999994,0.007132000000000002,0.0,0.0,0.9543650000000004,0.029609999999999997,0.0004090000000000001,0.0,0.0,0.0,0.5668120000000001,0.26940499999999995,0.09877699999999998,0.036857999999999995,0.015156999999999999,0.007659999999999999
155,155.0,0.5051650000000001,0.2779509999999999,0.13983599999999996,0.048999999999999995,0.015293999999999999,0.009422000000000002,0.8120489999999999,0.15455100000000005,0.01997,0.006792,0.0,0.0,0.9526910000000001,0.030052999999999993,0.0014960000000000002,0.0,0.0,0.0,0.57519,0.26838899999999993,0.096077,0.032739000000000004,0.015099000000000005,0.006999999999999999
156,156.0,0.49436199999999997,0.2768600000000001,0.14363199999999998,0.05493799999999999,0.017317999999999997,0.009651,0.8192530000000001,0.14998199999999998,0.018074,0.005991999999999998,0.0,0.0,0.945844,0.03608400000000001,0.002664,0.0,0.0,0.0,0.5844999999999999,0.2660350000000001,0.09270000000000002,0.028774999999999985,0.015424,0.0069320000000000015
157,157.0,0.49035599999999996,0.276619,0.14522800000000005,0.056431999999999996,0.018974,0.009204,0.827462,0.14431299999999994,0.016379999999999995,0.005058999999999999,0.0,0.0,0.944414,0.03651800000000001,0.003859,0.0,0.0,0.0,0.5939930000000002,0.265305,0.087247,0.026891999999999982,0.014643999999999999,0.006144000000000003
158,158.0,0.48037299999999994,0.2749959999999999,0.14834500000000003,0.06057899999999996,0.023419999999999986,0.009196000000000001,0.8306199999999997,0.14071999999999998,0.016915999999999997,0.004922999999999999,0.0,0.0,0.941747,0.03774599999999999,0.0053830000000000015,0.0,0.0,0.0,0.600045,0.26159700000000013,0.08483500000000001,0.027675999999999992,0.014689999999999998,0.005273
159,159.0,0.4695750000000001,0.27290899999999996,0.150859,0.065072,0.02832500000000001,0.010259999999999997,0.8363129999999996,0.13557499999999997,0.016246999999999994,0.004993,0.0,0.0,0.9397569999999998,0.039535999999999995,0.0058540000000000016,0.0,0.0,0.0,0.6122539999999997,0.2601669999999999,0.07805499999999996,0.026555,0.013135,0.003764000000000001
160,160.0,0.4643719999999997,0.2704,0.15144399999999997,0.06767000000000001,0.031810000000000005,0.011331999999999998,0.8475380000000001,0.12694600000000006,0.014566,0.003878000000000001,0.0,0.0,0.9383969999999998,0.04042399999999999,0.006225000000000001,0.0,0.0,0.0,0.6205950000000002,0.25754900000000003,0.07213199999999997,0.027156999999999997,0.013023000000000005,0.0032779999999999997
161,161.0,0.4537020000000004,0.268317,0.1533479999999999,0.07163799999999998,0.035775999999999995,0.014342999999999996,0.8530319999999996,0.12199100000000003,0.014365000000000003,0.003499999999999999,0.0,0.0,0.9366,0.041567999999999994,0.007215999999999999,0.0,0.0,0.0,0.633974,0.25287199999999993,0.06514700000000002,0.026566000000000006,0.012051,0.002886000000000001
162,162.0,0.4431769999999998,0.26690100000000005,0.15529900000000008,0.074679,0.03973599999999999,0.017425999999999987,0.8610960000000003,0.11585299999999994,0.01278600000000001,0.003043,0.0,0.0,0.9342090000000002,0.043173,0.0082,0.0,0.0,0.0,0.6453300000000003,0.24774500000000002,0.059098,0.026938000000000007,0.012125999999999996,0.00208
163,163.0,0.4330449999999997,0.26415800000000006,0.15695400000000004,0.07772499999999997,0.043832999999999976,0.02159599999999999,0.8618700000000002,0.11381800000000003,0.013564999999999999,0.003541,0.0,0.0,0.9301589999999998,0.04583099999999999,0.010022999999999999,0.0,0.0,0.0,0.6564690000000003,0.246601,0.053194,0.02589200000000001,0.010426999999999999,0.000575
164,164.0,0.4282510000000002,0.26225000000000004,0.15770099999999998,0.079487,0.045909000000000005,0.023745999999999982,0.8754869999999998,0.10512700000000003,0.010412999999999995,0.00159,0.0,0.0,0.9235950000000005,0.049013,0.013463000000000003,0.0,0.0,0.0,0.6677619999999996,0.24261699999999986,0.04819099999999999,0.024944,0.009287,0.000132
165,165.0,0.420795,0.26075600000000004,0.15961499999999995,0.081723,0.04817399999999998,0.026357999999999996,0.8811930000000001,0.10061500000000001,0.009212,0.0015050000000000003,0.0,0.0,0.9227840000000004,0.049956999999999994,0.013461,0.0,0.0,0.0,0.6818920000000003,0.235122,0.044879999999999996,0.023745000000000002,0.007013999999999999,0.0
166,166.0,0.4099240000000002,0.2581839999999999,0.16071200000000005,0.08529700000000001,0.05246600000000002,0.030935999999999998,0.8887,0.09417999999999996,0.008411999999999998,0.0011409999999999999,0.0,0.0,0.9209289999999994,0.05166100000000001,0.013845000000000003,0.0,0.0,0.0,0.6943459999999999,0.22881099999999993,0.04275999999999999,0.021272,0.005248999999999999,0.0
167,167.0,0.40537199999999984,0.25672000000000006,0.16129000000000004,0.08627900000000001,0.05473299999999999,0.03315300000000001,0.89322,0.09061000000000002,0.007534000000000001,0.001066,0.0,0.0,0.9213790000000001,0.05215599999999997,0.013085,0.0,0.0,0.0,0.7028599999999998,0.22253499999999998,0.041658999999999995,0.020862000000000002,0.004312000000000001,0.0
168,168.0,0.3984629999999998,0.25557400000000013,0.16256000000000004,0.08808599999999998,0.057005,0.03592200000000001,0.89534,0.08842199999999996,0.007843999999999999,0.0008110000000000001,0.0,0.0,0.9179130000000002,0.053094,0.015712000000000007,0.0,0.0,0.0,0.7127219999999999,0.21643,0.041350999999999985,0.018819000000000002,0.002734,0.0
169,169.0,0.392825,0.25422900000000004,0.16359899999999994,0.08968999999999996,0.059080999999999974,0.038243000000000006,0.9008129999999999,0.08316799999999996,0.007648000000000001,0.0007530000000000001,0.0,0.0,0.9138920000000001,0.05545399999999998,0.017599999999999998,0.0,0.0,0.0,0.7233349999999997,0.20631799999999995,0.04224699999999999,0.018684000000000003,0.0012469999999999998,0.0
170,170.0,0.3862259999999999,0.25234299999999993,0.16388200000000006,0.09171800000000002,0.061994999999999995,0.04154599999999999,0.9046169999999997,0.07894499999999997,0.008008,0.0007639999999999999,0.0,0.0,0.912972,0.05499699999999999,0.019007000000000007,0.0,0.0,0.0,0.7367069999999997,0.19653500000000007,0.04122099999999999,0.016859999999999997,0.00020299999999999997,0.0
171,171.0,0.3795369999999999,0.2506660000000001,0.165441,0.093726,0.06434499999999999,0.044049999999999964,0.9106879999999998,0.075053,0.006099999999999998,0.00040899999999999997,0.0,0.0,0.9117839999999998,0.056189,0.019183000000000002,0.0,0.0,0.0,0.7461549999999996,0.18950100000000003,0.04041899999999999,0.015182000000000008,7.900000000000001e-05,0.0
172,172.0,0.3748159999999999,0.24954800000000013,0.16613200000000003,0.09549900000000001,0.066142,0.045681,0.9097639999999998,0.07533199999999997,0.006824999999999999,0.00035299999999999996,0.0,0.0,0.9054509999999999,0.05956700000000002,0.022342000000000008,0.0,0.0,0.0,0.7508700000000001,0.183673,0.042232999999999986,0.014460000000000002,0.0,0.0
173,173.0,0.37082400000000015,0.24838799999999991,0.16620500000000005,0.09628499999999997,0.06795499999999997,0.04819699999999999,0.9168930000000006,0.07049699999999999,0.004522,0.000263,0.0,0.0,0.9047479999999998,0.06034,0.022453999999999995,0.0,0.0,0.0,0.7643610000000003,0.17244700000000004,0.040853,0.013283000000000005,0.0,0.0
174,174.0,0.3660270000000002,0.24691600000000008,0.166097,0.09749699999999997,0.07047,0.05089899999999996,0.918424,0.069048,0.004275,0.00040899999999999997,0.0,0.0,0.8985470000000002,0.06351999999999998,0.02575800000000001,0.0,0.0,0.0,0.7698450000000001,0.16858399999999998,0.04099500000000002,0.011369999999999998,0.0,0.0
175,175.0,0.35920699999999994,0.24552500000000005,0.1680879999999999,0.100081,0.072326,0.05271599999999999,0.9238320000000003,0.064523,0.0034939999999999993,0.00021799999999999999,0.0,0.0,0.8981339999999999,0.06391999999999999,0.025915000000000004,0.0,0.0,0.0,0.782235,0.15796599999999997,0.040836,0.009445000000000004,0.0,0.0
176,176.0,0.35634399999999994,0.24457299999999993,0.16823,0.100993,0.07377199999999999,0.054035,0.9214910000000003,0.06613,0.004065999999999999,0.00040800000000000005,0.0,0.0,0.8936039999999994,0.06691800000000002,0.02757100000000001,0.0,0.0,0.0,0.7958679999999998,0.14569700000000002,0.04080500000000001,0.007816,0.0,0.0
177,177.0,0.3522599999999999,0.24427099999999996,0.16895600000000002,0.10203699999999997,0.07473499999999998,0.05575199999999999,0.9263900000000007,0.061385000000000016,0.0032209999999999995,0.0006390000000000001,0.000247,0.000185,0.8872950000000006,0.071394,0.029591000000000003,9.2e-05,0.0,0.0,0.813833,0.13388899999999998,0.03737200000000002,0.004821000000000001,0.0,0.0
178,178.0,0.34736499999999987,0.24240300000000004,0.16947199999999996,0.10382100000000001,0.07706600000000001,0.05790100000000001,0.926745,0.060931999999999986,0.002852,0.001073,0.00033,0.000134,0.8797830000000002,0.07713299999999998,0.031136000000000004,0.000568,0.0,0.0,0.8213390000000002,0.125504,0.038485,0.004387999999999999,0.0,0.0
179,179.0,0.344184,0.24163799999999994,0.16968200000000003,0.10480599999999997,0.07846799999999998,0.05929299999999998,0.92287,0.06476,0.002437,0.001205,0.0005630000000000001,0.00028199999999999997,0.8748140000000001,0.081631,0.03149099999999999,0.000857,0.0,0.0,0.8379249999999998,0.10991000000000001,0.03864100000000001,0.002842,0.0,0.0
